Arquivo,Tipo MIME
VirusShare_97c8a4a020e91a415d49f77293db32b2,application/vnd.ms-excel
VirusShare_4e56232d651d25d9d6ddc48aea6ef2d3,application/vnd.ms-excel
VirusShare_cf24411fb8167a9e217ba80c2eb29aea,application/vnd.ms-excel
VirusShare_9821e95e523973d1c1a6b2f71933ac08,application/vnd.ms-excel
VirusShare_0fa6d29d1bdcf702fad11358b3dff5e9,application/vnd.ms-excel
VirusShare_b448595bd43ef1c96c826584b2593cf8,application/vnd.ms-excel
VirusShare_ceef61fdebc46b6ced4f36b910f2f071,application/vnd.ms-excel
VirusShare_8f0ed93e88388b647b5e049cc6250de0,application/vnd.ms-excel
VirusShare_0898b2547a4218a19e468c77a4cf0593,application/vnd.ms-excel
VirusShare_b4aeb76e6cc54cde75cb37f30c96d4f5,application/vnd.ms-excel
VirusShare_80a88c33fd0a9103603f315676b5543c,application/vnd.ms-excel
VirusShare_6ba7c724322c474b820cc0d99e5786ef,application/vnd.ms-excel
VirusShare_3331920b18d433b513b3493cd0ebebf9,application/vnd.ms-excel
VirusShare_1be7f7b227794a5163676d8f017d516c,application/vnd.ms-excel
VirusShare_4e31958084b4e3c2b9baf4654b43955d,application/vnd.ms-excel
VirusShare_1eb64d44a2d45b7dced1269365133aa6,application/vnd.ms-excel
VirusShare_840c5f1989180fd8a2f621bf3142b59a,application/vnd.ms-excel
VirusShare_b1afd6e239c1d044210dc3fbd134d51a,application/vnd.ms-excel
VirusShare_dc47c92c2a5213724f55a5c6a36abd6c,application/vnd.ms-excel
VirusShare_fa2a514e8fdb3046f81bd8fdac3a35fe,application/vnd.ms-excel
VirusShare_93228553f3055dc40e935e05c6491889,application/vnd.ms-excel
VirusShare_63ee362c9251e2171f1d338a48c7fc11,application/vnd.ms-excel
VirusShare_90da0c2ab6fd1b12eeeaafbce0693dba,application/vnd.ms-excel
VirusShare_bb6169cac9a125cd63eedeb3893b920b,application/vnd.ms-excel
VirusShare_195179fa1cc770396b34249b87503f63,application/vnd.ms-excel
VirusShare_3d6a59b16e0992c234a9e649272d9183,application/vnd.ms-excel
VirusShare_51e174b6858cc3e25cf79e0465c5192f,application/vnd.ms-excel
VirusShare_362fdde60f975c88f10c6f1070641889,application/vnd.ms-excel
VirusShare_f87ce432682c13dc7391e128cf258b01,application/vnd.ms-excel
VirusShare_2b3872dc7cb6fdfe00f6639130b80691,application/vnd.ms-excel
VirusShare_d98145837ea5f1a6ab48f9efb4f65f51,application/vnd.ms-excel
VirusShare_2647c5ccf32760f6b8da19b2f2513a91,application/vnd.ms-excel
VirusShare_847450c0ed9954c2e9bdc5cd457d444c,application/vnd.ms-excel
VirusShare_13d4e72a61618efcff3e6cb35cadd71a,application/vnd.ms-excel
VirusShare_8114bf8f262918452bdb9ef67a456612,application/vnd.ms-excel
VirusShare_c4a9d5acf85fb8b73f99563c30475bdd,application/vnd.ms-excel
VirusShare_6815ef9aa3f9af72ae77a2a1ac577352,application/vnd.ms-excel
VirusShare_764987da4271d3dd9d7d9f8f78c897e5,application/vnd.ms-excel
VirusShare_bdc8c033b244b1b66c9103d0e0dd1f78,application/vnd.ms-excel
VirusShare_a7c1b5dffb6211aac48fdc05b17b3c57,application/vnd.ms-excel
VirusShare_d442bcab9d31368d5e2d7bd049800136,application/vnd.ms-excel
