Arquivo,Tipo MIME,Pasta de Destino
VirusShare_1a9de860deff3e73c591543977f30744,text/x-php,./sample_classification/text_x-php
VirusShare_c7d32133947b3aa9f7936193f90156f8,text/x-php,./sample_classification/text_x-php
VirusShare_0d31a262ccddd3c558cfe03b1c373d26,text/x-php,./sample_classification/text_x-php
VirusShare_86ae12a3954c7c49a9eceaaa6086cdae,text/x-php,./sample_classification/text_x-php
VirusShare_902a35634dd26fae8374fb1a80fa646d,text/x-php,./sample_classification/text_x-php
VirusShare_4e5c8c4b77513b3098ea18cbc97b49e7,text/x-php,./sample_classification/text_x-php
VirusShare_f85bb77cf2507d298d35eebbcb1510ac,text/x-php,./sample_classification/text_x-php
VirusShare_8830d695d5edd4d8bc0e782eab67c4ab,text/x-php,./sample_classification/text_x-php
VirusShare_3bde9838a8c06a12912ee796e1038894,text/x-php,./sample_classification/text_x-php
VirusShare_6a8348ccfc5de6d3a3d75f3e8d7fc35c,text/x-php,./sample_classification/text_x-php
VirusShare_aeee3bae226ad57baf4be8745c3f6094,text/x-php,./sample_classification/text_x-php
VirusShare_fc26e7287d826091549697ef89b81671,text/x-php,./sample_classification/text_x-php
VirusShare_5d4dd971305d86cf421e0ddcefd0ab71,text/x-php,./sample_classification/text_x-php
VirusShare_1ae96ca8234d2d6502d93a1000033411,text/x-php,./sample_classification/text_x-php
VirusShare_f97d8d7daae0cf73024ae4e117f34b81,text/x-php,./sample_classification/text_x-php
VirusShare_5cb4a7d159180523478c60ba9f5a396b,text/x-php,./sample_classification/text_x-php
VirusShare_e04eb9dd25ed0736e3868d7b26e14d9e,text/x-php,./sample_classification/text_x-php
VirusShare_0195c291c1b3ed36b2f6c0ab89762b23,text/x-php,./sample_classification/text_x-php
VirusShare_4cbe1e4573d0b6a1d09e445226aadb11,text/x-php,./sample_classification/text_x-php
VirusShare_059962ec6a59bb94a9762de1bcfbcb5a,text/x-php,./sample_classification/text_x-php
VirusShare_8e94bb894c8c376195a9ff5152e9d028,text/x-php,./sample_classification/text_x-php
VirusShare_0b797070d15756838c0f4ece56049b33,text/x-php,./sample_classification/text_x-php
VirusShare_7844e3c025041d4ac9116cf0637ef4cd,text/x-php,./sample_classification/text_x-php
VirusShare_ad55faf5f846b46805a3c14c310f2f8a,text/x-php,./sample_classification/text_x-php
VirusShare_2e78399ca76b8c693da7a5798502c980,text/x-php,./sample_classification/text_x-php
VirusShare_83ad1076e84cc78d91ca11a951752116,text/x-php,./sample_classification/text_x-php
VirusShare_57db80235fe402d8d3e59300ca00e2cd,text/x-php,./sample_classification/text_x-php
VirusShare_7f62b965ee1671c1556adda083755543,text/x-php,./sample_classification/text_x-php
VirusShare_b2019de7437e7aebe7d11b060907d5fa,text/x-php,./sample_classification/text_x-php
VirusShare_95d82fa9852d5d6a4969ee8e03a63d6d,text/x-php,./sample_classification/text_x-php
VirusShare_3595c453c046c5457e390e1db238816b,text/x-php,./sample_classification/text_x-php
VirusShare_9fa77f158fe26a04b07e1ee581cd87f9,text/x-php,./sample_classification/text_x-php
VirusShare_0817d05d1bc0890a840554ffc5aef9a1,text/x-php,./sample_classification/text_x-php
VirusShare_fee5c1415f7038dc2a7aaa1cec5fb764,text/x-php,./sample_classification/text_x-php
VirusShare_09b814052eada1617d55f3dc3e5a93b7,text/x-php,./sample_classification/text_x-php
VirusShare_ac442c9894679b460120ad93f492a5c0,text/x-php,./sample_classification/text_x-php
VirusShare_deda00c8dd640727db46555ec7ea54e2,text/x-php,./sample_classification/text_x-php
VirusShare_5d00a364515a49cf5ce420ceaf11cd55,text/x-php,./sample_classification/text_x-php
VirusShare_e5a3a1259bcc9d875ce6fb7dcbf3e0cd,text/x-php,./sample_classification/text_x-php
VirusShare_3371bdca41c8583a7890d095a50a778f,text/x-php,./sample_classification/text_x-php
VirusShare_f1be48ab48cbec9dd47a0f5966ac6b40,text/x-php,./sample_classification/text_x-php
VirusShare_d89ae5b784eb734cf3167e7c79d6f9e6,text/x-php,./sample_classification/text_x-php
VirusShare_89ade8c0b01dd535286dccf072dccd41,text/x-php,./sample_classification/text_x-php
VirusShare_2c88b77412087eb3feded903ff79ed2a,text/x-php,./sample_classification/text_x-php
VirusShare_4460e7bef3cf95dad91422a054e20478,text/x-php,./sample_classification/text_x-php
VirusShare_89b34beaae1f417110af2b00d9fe9c28,text/x-php,./sample_classification/text_x-php
VirusShare_f62127f137a414b94959a9dbf81f186a,text/x-php,./sample_classification/text_x-php
VirusShare_eed03dba05a36d0a8dd32f77d4505f1c,text/x-php,./sample_classification/text_x-php
VirusShare_4ee44e4b964960b044b0d6973573144e,text/x-php,./sample_classification/text_x-php
