Arquivo,MIME_type
VirusShare_66c78c3026190889b3fc232c8bcf597b,application/x-sharedlib
VirusShare_c4e41c8aa8ebbf2e1091c5d96aacd7d0,application/x-sharedlib
VirusShare_f946e017a9363d8cbb6a01e417fdcc98,application/x-sharedlib
VirusShare_e5cf26528639f89d0f7fd5c46d63a82e,application/x-sharedlib
VirusShare_8519ac11a63aba2000a688daf5eccd76,application/x-sharedlib
VirusShare_f83c45e387b519e2422df8de524306e5,application/x-sharedlib
VirusShare_699475601ab3c2f1ef9f16e771488b80,application/x-sharedlib
VirusShare_ee31ea231d69f2f26630fdc84b4fd320,application/x-sharedlib
VirusShare_502a1e320278c7d92a07b5ad283c8d10,application/x-sharedlib
VirusShare_72f8250f3acc768734d69b5ec4349596,application/x-sharedlib
VirusShare_a2b0ab40972e6ab306c7fc405277ea40,application/x-sharedlib
VirusShare_7318f0645fb397bd583f277516f71d27,application/x-sharedlib
VirusShare_aa627dac1ed84d00d120b5785a10b296,application/x-sharedlib
VirusShare_b2cbc5d3b12551fae52500fdfdce5f3d,application/x-sharedlib
VirusShare_89ff9c963643af65729d882ba43eed88,application/x-sharedlib
VirusShare_c3d93b9db86f79b48dc82d1a28a63e69,application/x-sharedlib
VirusShare_be81871b3cd07ec83929404820a1dd85,application/x-sharedlib
VirusShare_9a527da63bf3a08fb4714ca48ceccd6a,application/x-sharedlib
VirusShare_a4a1b1953825f476119ccfbf22708299,application/x-sharedlib
VirusShare_cc20afb001a4de36b710dd2cbfd7824d,application/x-sharedlib
VirusShare_0b9d245d0a7662ab0521a0aeebbe7640,application/x-sharedlib
VirusShare_b85f22d41c65d77e5b1cff24a69a47c4,application/x-sharedlib
VirusShare_748d064df3a688bc2f2b4d770c724a5e,application/x-sharedlib
